latitude,longitude,city
32.361538,-86.279118,"Montgomery, Alabama"
58.301935,-134.41974,"Juneau, Alaska"
33.448457,-112.073844,"Phoenix, Arizona"
34.736009,-92.331122,"Little Rock, Arkansas"
38.555605,-121.468926,"Sacramento, California"
39.7391667,-104.984167,"Denver, Colorado"
41.767,-72.677,"Hartford, Connecticut"
39.161921,-75.526755,"Dover, Delaware"
30.4518,-84.27277,"Tallahassee, Florida"
33.76,-84.39,"Atlanta, Georgia"
21.30895,-157.826182,"Honolulu, Hawaii"
43.613739,-116.237651,"Boise, Idaho"
39.78325,-89.650373,"Springfield, Illinois"
39.790942,-86.147685,"Indianapolis, Indiana"
41.590939,-93.620866,"Des Moines, Iowa"
39.04,-95.69,"Topeka, Kansas"
38.197274,-84.86311,"Frankfort, Kentucky"
30.45809,-91.140229,"Baton Rouge, Louisiana"
44.323535,-69.765261,"Augusta, Maine"
38.972945,-76.501157,"Annapolis, Maryland"
42.2352,-71.0275,"Boston, Massachusetts"
42.7335,-84.5467,"Lansing, Michigan"
44.95,-93.094,"Saint Paul, Minnesota"
32.32,-90.207,"Jackson, Mississippi"
38.572954,-92.189283,"Jefferson City, Missouri"
46.595805,-112.027031,"Helena, Montana"
40.809868,-96.675345,"Lincoln, Nebraska"
39.160949,-119.753877,"Carson City, Nevada"
43.220093,-71.549127,"Concord, New Hampshire"
40.221741,-74.756138,"Trenton, New Jersey"
35.667231,-105.964575,"Santa Fe, New Mexico"
42.659829,-73.781339,"Albany, New York"
35.771,-78.638,"Raleigh, North Carolina"
48.813343,-100.779004,"Bismarck, North Dakota"
39.962245,-83.000647,"Columbus, Ohio"
35.482309,-97.534994,"Oklahoma City, Oklahoma"
44.931109,-123.029159,"Salem, Oregon"
40.269789,-76.875613,"Harrisburg, Pennsylvania"
41.82355,-71.422132,"Providence, Rhode Island"
34,-81.035,"Columbia, South Carolina"
44.367966,-100.336378,"Pierre, South Dakota"
36.165,-86.784,"Nashville, Tennessee"
30.266667,-97.75,"Austin, Texas"
40.7547,-111.892622,"Salt Lake City, Utah"
44.26639,-72.57194,"Montpelier, Vermont"
37.54,-77.46,"Richmond, Virginia"
47.042418,-122.893077,"Olympia, Washington"
38.349497,-81.633294,"Charleston, West Virginia"
43.074722,-89.384444,"Madison, Wisconsin"
41.145548,-104.802042,"Cheyenne, Wyoming"
